<?xml version="1.0"?>

<instructions>

   <instr name="NOP">
      <OP>00000</OP>
   </instr>

   <instr name="TRAP">
      <OP>00001</OP>
   </instr>

   <instr name="STORE.C">
      <OP>11000</OP>
      <DEST>
         <LENGTH>11</LENGTH>
      </DEST>
      <SRC>
         <LENGTH>16</LENGTH>
      </SRC>
   </instr>

   <instr name="STORE.R">
      <OP>11001</OP>
      <DEST>
         <LENGTH>11</LENGTH>
      </DEST>
      <SRC>
         <LENGTH>5</LENGTH>
      </SRC>
   </instr>

   <instr name="LOAD.A">
      <OP>11100</OP>
      <DEST>
         <LENGTH>5</LENGTH>
      </DEST>
      <SRC>
         <LENGTH>11</LENGTH>
      </SRC>
   </instr>

   <instr name="LOAD.C">
      <OP>11101</OP>
      <DEST>
         <LENGTH>5</LENGTH>
      </DEST>
      <SRC>
         <LENGTH>16</LENGTH>
      </SRC>
   </instr>

   <instr name="MOVE">
      <OP>00100</OP>
      <DEST>
         <LENGTH>5</LENGTH>
      </DEST>
      <SRC>
         <LENGTH>5</LENGTH>
      </SRC>
   </instr>

   <!-- BRANCH -->

   <instr name="BRA">
      <OP>01000</OP>
      <DEST>
         <LENGTH>11</LENGTH>
      </DEST>
   </instr>

   <instr name="BRA.OR">
      <OP>01001</OP>
      <DEST>
         <LENGTH>5</LENGTH>
      </DEST>
   </instr>

   <instr name="BRA.O">
      <OP>01010</OP>
      <DEST>
         <LENGTH>10</LENGTH>
      </DEST>
   </instr>

   <instr name="BCC">
      <OP>10000</OP>
      <DEST>
         <LENGTH>4</LENGTH>
      </DEST>
      <SRC>
         <LENGTH>11</LENGTH>
      </SRC>
   </instr>

   <instr name="BCC.OR">
      <OP>10001</OP>
      <DEST>
         <LENGTH>4</LENGTH>
      </DEST>
      <SRC>
         <LENGTH>5</LENGTH>
      </SRC>
   </instr>

   <instr name="BCC.O">
      <DEST>
         <LENGTH>4</LENGTH>
      </DEST>
      <SRC>
         <LENGTH>10</LENGTH>
      </SRC>
   </instr>

   <instr name="BNCC">
      <OP>10100</OP>
      <DEST>
         <LENGTH>4</LENGTH>
      </DEST>
      <SRC>
         <LENGTH>11</LENGTH>
      </SRC>
   </instr>

   <instr name="BNCC.OR">
      <OP>10101</OP>
      <DEST>
         <LENGTH>4</LENGTH>
      </DEST>
      <SRC>
         <LENGTH>5</LENGTH>
      </SRC>
   </instr>

   <instr name="BNCC.O">
      <OP>10110</OP>
      <DEST>
         <LENGTH>4</LENGTH>
      </DEST>
      <SRC>
         <LENGTH>10</LENGTH>
      </SRC>
   </instr>

   <instr name="BNCC.O">
      <OP>10110</OP>
      <DEST>
         <LENGTH>4</LENGTH>
      </DEST>
      <SRC>
         <LENGTH>10</LENGTH>
      </SRC>
   </instr>

   <!-- 3 args -->

   <instr name="STORE.O">
      <OP>11010</OP>
      <DEST>
         <LENGTH>11</LENGTH>
      </DEST>
      <SRC>
         <LENGTH>5</LENGTH>
      </SRC>
      <OFFSET>
         <LENGTH>11</LENGTH>
      </OFFSET>
   </instr>

   <instr name="STORE.OR">
      <OP>11011</OP>
      <DEST>
         <LENGTH>11</LENGTH>
      </DEST>
      <SRC>
         <LENGTH>5</LENGTH>
      </SRC>
      <OFFSET>
         <LENGTH>5</LENGTH>
      </OFFSET>
   </instr>

   <instr name="LOAD.O">
      <OP>11110</OP>
      <DEST>
         <LENGTH>5</LENGTH>
      </DEST>
      <SRC>
         <LENGTH>11</LENGTH>
      </SRC>
      <OFFSET>
         <LENGTH>11</LENGTH>
      </OFFSET>
   </instr>

   <instr name="LOAD.OR">
      <OP>11111</OP>
      <DEST>
         <LENGTH>5</LENGTH>
      </DEST>
      <SRC>
         <LENGTH>11</LENGTH>
      </SRC>
      <OFFSET>
         <LENGTH>5</LENGTH>
      </OFFSET>
   </instr>

<!-- ALU -->

   <!-- ADDU -->
   <instr name="ADDU.R">
      <OP>0010100001</OP>
      <DEST>
         <LENGTH>5</LENGTH>
      </DEST>
      <SRC>
         <LENGTH>5</LENGTH>
      </SRC>
   </instr>

   <instr name="ADDU.C">
      <OP>0011000001</OP>
      <DEST>
         <LENGTH>5</LENGTH>
      </DEST>
      <SRC>
         <LENGTH>16</LENGTH>
      </SRC>
   </instr>

   <!-- ADD -->
   <instr name="ADD.R">
      <OP>0010100010</OP>
      <DEST>
         <LENGTH>5</LENGTH>
      </DEST>
      <SRC>
         <LENGTH>5</LENGTH>
      </SRC>
   </instr>

   <instr name="ADD.C">
      <OP>0011000010</OP>
      <DEST>
         <LENGTH>5</LENGTH>
      </DEST>
      <SRC>
         <LENGTH>16</LENGTH>
      </SRC>
   </instr>

   <!-- SUBU -->
   <instr name="SUBU.R">
      <OP>0010100011</OP>
      <DEST>
         <LENGTH>5</LENGTH>
      </DEST>
      <SRC>
         <LENGTH>5</LENGTH>
      </SRC>
   </instr>

   <instr name="SUBU.C">
      <OP>0011000011</OP>
      <DEST>
         <LENGTH>5</LENGTH>
      </DEST>
      <SRC>
         <LENGTH>16</LENGTH>
      </SRC>
   </instr>

   <!-- SUB -->
   <instr name="SUB.R">
      <OP>0010100100</OP>
      <DEST>
         <LENGTH>5</LENGTH>
      </DEST>
      <SRC>
         <LENGTH>5</LENGTH>
      </SRC>
   </instr>

   <instr name="SUB.C">
      <OP>0011000100</OP>
      <DEST>
         <LENGTH>5</LENGTH>
      </DEST>
      <SRC>
         <LENGTH>16</LENGTH>
      </SRC>
   </instr>

   <!-- MUL -->
   <instr name="MUL.R">
      <OP>0010100101</OP>
      <DEST>
         <LENGTH>5</LENGTH>
      </DEST>
      <SRC>
         <LENGTH>5</LENGTH>
      </SRC>
   </instr>

   <instr name="MUL.C">
      <OP>0011000101</OP>
      <DEST>
         <LENGTH>5</LENGTH>
      </DEST>
      <SRC>
         <LENGTH>16</LENGTH>
      </SRC>
   </instr>

   <!-- MUL bin -->
   <instr name="MULD.R">
      <OP>0010110001</OP>
      <DEST>
         <LENGTH>5</LENGTH>
      </DEST>
      <SRC>
         <LENGTH>5</LENGTH>
      </SRC>
   </instr>

   <instr name="MULD.C">
      <OP>0011010001</OP>
      <DEST>
         <LENGTH>5</LENGTH>
      </DEST>
      <SRC>
         <LENGTH>16</LENGTH>
      </SRC>
   </instr>

   <!-- BITSHIFT RIGHT -->
   <instr name="BSR.R">
      <OP>0010100110</OP>
      <DEST>
         <LENGTH>5</LENGTH>
      </DEST>
      <SRC>
         <LENGTH>5</LENGTH>
      </SRC>
   </instr>

   <instr name="BSR.C">
      <OP>0011000110</OP>
      <DEST>
         <LENGTH>5</LENGTH>
      </DEST>
      <SRC>
         <LENGTH>16</LENGTH>
      </SRC>
   </instr>

   <!-- BITSHIFT LEFT -->
   <instr name="BSL.R">
      <OP>0010100111</OP>
      <DEST>
         <LENGTH>5</LENGTH>
      </DEST>
      <SRC>
         <LENGTH>5</LENGTH>
      </SRC>
   </instr>

   <instr name="BSL.C">
      <OP>0011000111</OP>
      <DEST>
         <LENGTH>5</LENGTH>
      </DEST>
      <SRC>
         <LENGTH>16</LENGTH>
      </SRC>
   </instr>

   <!-- AND -->
   <instr name="AND.R">
      <OP>0010101000</OP>
      <DEST>
         <LENGTH>5</LENGTH>
      </DEST>
      <SRC>
         <LENGTH>5</LENGTH>
      </SRC>
   </instr>

   <instr name="AND.C">
      <OP>0011001000</OP>
      <DEST>
         <LENGTH>5</LENGTH>
      </DEST>
      <SRC>
         <LENGTH>16</LENGTH>
      </SRC>
   </instr>

   <!-- OR -->
   <instr name="OR.R">
      <OP>0010101001</OP>
      <DEST>
         <LENGTH>5</LENGTH>
      </DEST>
      <SRC>
         <LENGTH>5</LENGTH>
      </SRC>
   </instr>

   <instr name="OR.C">
      <OP>0011001001</OP>
      <DEST>
         <LENGTH>5</LENGTH>
      </DEST>
      <SRC>
         <LENGTH>16</LENGTH>
      </SRC>
   </instr>

   <!-- XOR -->
   <instr name="XOR.R">
      <OP>0010101010</OP>
      <DEST>
         <LENGTH>5</LENGTH>
      </DEST>
      <SRC>
         <LENGTH>5</LENGTH>
      </SRC>
   </instr>

   <instr name="XOR.C">
      <OP>0011001010</OP>
      <DEST>
         <LENGTH>5</LENGTH>
      </DEST>
      <SRC>
         <LENGTH>16</LENGTH>
      </SRC>
   </instr>

   <!-- NOT -->
   <instr name="NOT.R">
      <OP>0010101011</OP>
      <DEST>
         <LENGTH>5</LENGTH>
      </DEST>
      <SRC>
         <LENGTH>5</LENGTH>
      </SRC>
   </instr>

   <instr name="NOT.C">
      <OP>0011001011</OP>
      <DEST>
         <LENGTH>5</LENGTH>
      </DEST>
      <SRC>
         <LENGTH>16</LENGTH>
      </SRC>
   </instr>

   <!-- CMPU -->
   <instr name="CMPU.R">
      <OP>0010101100</OP>
      <DEST>
         <LENGTH>5</LENGTH>
      </DEST>
      <SRC>
         <LENGTH>5</LENGTH>
      </SRC>
   </instr>

   <instr name="CMPU.C">
      <OP>0011001100</OP>
      <DEST>
         <LENGTH>5</LENGTH>
      </DEST>
      <SRC>
         <LENGTH>16</LENGTH>
      </SRC>
   </instr>

   <!-- CMP -->
   <instr name="CMP.R">
      <OP>0010101101</OP>
      <DEST>
         <LENGTH>5</LENGTH>
      </DEST>
      <SRC>
         <LENGTH>5</LENGTH>
      </SRC>
   </instr>

   <instr name="CMP.C">
      <OP>0011001101</OP>
      <DEST>
         <LENGTH>5</LENGTH>
      </DEST>
      <SRC>
         <LENGTH>16</LENGTH>
      </SRC>
   </instr>

   <!-- BITTEST -->
   <instr name="BITTEST.R">
      <OP>0010101111</OP>
      <DEST>
         <LENGTH>5</LENGTH>
      </DEST>
      <SRC>
         <LENGTH>5</LENGTH>
      </SRC>
   </instr>

   <instr name="BITTEST.C">
      <OP>0011001111</OP>
      <DEST>
         <LENGTH>5</LENGTH>
      </DEST>
      <SRC>
         <LENGTH>16</LENGTH>
      </SRC>
   </instr>

   <!-- ADDX -->
   <instr name="ADDX.R">
      <OP>0010110000</OP>
      <DEST>
         <LENGTH>5</LENGTH>
      </DEST>
      <SRC>
         <LENGTH>5</LENGTH>
      </SRC>
   </instr>

   <instr name="ADDX.C">
      <OP>0011010000</OP>
      <DEST>
         <LENGTH>5</LENGTH>
      </DEST>
      <SRC>
         <LENGTH>16</LENGTH>
      </SRC>
   </instr>












</instructions>
